{
  "text_paper_type_SFI_CVG_66": 0.3103005886077881,
  "width": 0.12310458719730377,
  "binding_type_PERFECT": 0.05844401940703392,
  "siren_NGL": 0.050292856991291046,
  "shrinkwrap": 0.0328228659927845,
  "text_paper_type_FSC_MC_CVG_SILKHO_1.0_70": 0.029559873044490814,
  "production_page": 0.02659011073410511,
  "binding_type_SS": 0.02460424415767193,
  "height": 0.023886265233159065,
  "binding_type_SADDLESTITCH": 0.019699743017554283,
  "binding_type_infrequent_sklearn": 0.016641991212964058,
  "cover_color_4/4": 0.01654290035367012,
  "text_paper_type_FSC_MC_CVG_SILKHO_1.061": 0.015706505626440048,
  "cover_color_4/C": 0.01472251582890749,
  "siren_EPAC": 0.013704756274819374,
  "binding_type_COILHARD": 0.012210979126393795,
  "cover_finish_type_NONE": 0.011489836499094963,
  "thickness": 0.010492616333067417,
  "quantity": 0.009510132484138012,
  "cover_color_NONE": 0.009374283254146576,
  "cover_paper_type_10PT_C1S": 0.008949702605605125,
  "cover_size_NONE": 0.008930466137826443,
  "text_paper_type_infrequent_sklearn": 0.008632572367787361,
  "text_paper_type_FSC_MC_DOM_VJT_1.21_75": 0.008527795784175396,
  "cover_size_M": 0.007633224129676819,
  "binding_type_COILHARD-TAB": 0.0059062764048576355,
  "cover_paper_type_100_GLOSSTEXT": 0.005556249991059303,
  "text_color_4/4": 0.005175471771508455,
  "text_paper_type_PAP1_75": 0.004935885779559612,
  "cover_size_XXL": 0.004868889227509499,
  "siren_CLM": 0.004794517066329718,
  "cover_color_4/0": 0.0047400714829564095,
  "head_and_tail_BLACK/WHITE": 0.004590974189341068,
  "binding_type_DIVIDER-SHEET": 0.004553936421871185,
  "siren_SAV": 0.004416392184793949,
  "cover_paper_type_12PT_C1S": 0.004219355061650276,
  "cover_size_SDL": 0.00388806383125484,
  "cover_paper_type_16PT_C1S": 0.0037011336535215378,
  "cover_finish_type_LAYFLAT-GLOSS": 0.0032645086757838726,
  "head_and_tail_WHITE/WHITE": 0.0032377338502556086,
  "head_and_tail_NONE": 0.003186820074915886,
  "cover_paper_type_NONE": 0.0031821313314139843,
  "text_color_1/1": 0.002958682831376791,
  "text_paper_type_BIRCH_W40_TB": 0.002876666374504566,
  "text_paper_type_12PT_C2S": 0.0027311069425195456,
  "priority_level_NORMAL": 0.002657798118889332,
  "binding_type_LOOSELEAF-NC": 0.002355858450755477,
  "text_paper_type_FSC_MC_DOM_VJT_1.29_90": 0.0022898949682712555,
  "binding_type_CASEBOUND": 0.002142650540918112,
  "cover_size_L": 0.002133973641321063
}