{
  "text_paper_type_FSC_MC_CVG_SILKHO_1.061": 0.19159150123596191,
  "width": 0.12156043201684952,
  "text_paper_type_FSC_MC_CVG_SILKHO_1.0_70": 0.0585671067237854,
  "height": 0.05725798383355141,
  "binding_type_PERFECT": 0.05423061177134514,
  "shrinkwrap": 0.049561046063899994,
  "text_paper_type_FSC_MC_CVG_SILKHO_1.061_CB": 0.04444955661892891,
  "production_page": 0.03370999917387962,
  "binding_type_SS": 0.02712058834731579,
  "text_paper_type_infrequent_sklearn": 0.02529907040297985,
  "cover_paper_type_10PT_C1S": 0.02407335489988327,
  "siren_EPAC": 0.02088470198214054,
  "binding_type_infrequent_sklearn": 0.019872525706887245,
  "text_paper_type_FSC_MC_DOM_VJT_1.21_75": 0.017476433888077736,
  "cover_color_MISSING": 0.016448045149445534,
  "thickness": 0.015839559957385063,
  "quantity": 0.011932918801903725,
  "cover_finish_type_MISSING": 0.011318321339786053,
  "text_paper_type_LETSGO MATTE 115GSM": 0.011278563179075718,
  "text_paper_type_BIRCH_W40_TB": 0.008396225050091743,
  "siren_CAI": 0.008121409453451633,
  "siren_SAV": 0.007970694452524185,
  "binding_type_COILHARD": 0.007852273993194103,
  "binding_type_COILHARD-TAB": 0.007747097872197628,
  "cover_paper_type_12PT_C1S": 0.007546897046267986,
  "cover_color_4/0": 0.007136883679777384,
  "text_color_4/4": 0.006811040453612804,
  "siren_CENGAGE": 0.006170377600938082,
  "head_and_tail_BLACK/WHITE": 0.0059134578332304955,
  "head_and_tail_WHITE/WHITE": 0.005812475457787514,
  "binding_type_DIVIDER-SHEET": 0.005671161226928234,
  "text_paper_type_PAP1_70": 0.005169592332094908,
  "text_paper_type_SFI_CVG_66": 0.005106893368065357,
  "cover_finish_type_LAYFLAT-GLOSS": 0.005002194084227085,
  "cover_size_SDL": 0.004976638592779636,
  "text_paper_type_FSC_MC_DOM_VJT_1.29_90": 0.004916161298751831,
  "cover_paper_type_100_GLOSSTEXT": 0.004893161356449127,
  "text_color_1/1": 0.004083034582436085,
  "cover_color_4/4": 0.003982045222073793,
  "text_paper_type_12PT_C2S": 0.0038785275537520647,
  "cover_paper_type_MISSING": 0.003727968782186508,
  "cover_color_4/1": 0.003689042292535305,
  "cover_size_NONE": 0.003613712266087532,
  "cover_size_XXL": 0.0035833471920341253,
  "text_paper_type_PAP1_75": 0.0034729153849184513,
  "cover_paper_type_16PT_C1S": 0.0034397963900119066,
  "head_and_tail_BLACK & WHITE": 0.003434258047491312,
  "binding_type_LOOSELEAF-NC": 0.003434138372540474,
  "head_and_tail_MISSING": 0.003161202883347869,
  "priority_level_HIGH3": 0.0027035255916416645
}