{
  "width": 0.4341677160357826,
  "production_page": 0.285365508422754,
  "quantity": 0.09808413334892868,
  "binding_type_PERFECT": 0.029594163077166603,
  "thickness": 0.02631384182649149,
  "height": 0.02390986092625191,
  "shrinkwrap": 0.019570832480783132,
  "text_paper_type_FSC_MC_CVG_SILKHO_1.0_70": 0.010310424305075325,
  "binding_type_SS": 0.009240623671089666,
  "siren_EPAC": 0.00780369777538546,
  "text_color_4/4": 0.006123237890450933,
  "binding_type_PERFECT-NC": 0.0059357473755763624,
  "text_paper_type_FSC_MC_DOM_VJT_1.21_75": 0.00516482690620251,
  "cover_paper_type_10PT_C1S": 0.0037167500417175517,
  "siren_SAV": 0.0028054467797719567,
  "cover_paper_type_12PT_C1S": 0.0025526916025724023,
  "cover_color_4/4": 0.0020987549636881206,
  "binding_type_COILHARD-TAB": 0.0020110762671568154,
  "binding_type_DIVIDER-SHEET": 0.0016936407546094888,
  "cover_paper_type_16PT_C1S": 0.0016314498233104646,
  "siren_CENGAGE": 0.0015059757909065528,
  "text_color_1/1": 0.0013458085623946135,
  "binding_type_COILHARD": 0.001246974382455723,
  "cover_size_M": 0.0012375635349663697,
  "text_paper_type_PAP1_70": 0.001050127417338399,
  "binding_type_LOOSELEAF-NC": 0.001017668706762012,
  "binding_type_CASEBIND": 0.0009614025583633599,
  "cover_finish_type_MISSING": 0.0009587783818140612,
  "cover_color_4/0": 0.0008948128464362679,
  "head_and_tail_WHITE/WHITE": 0.000766132495075765,
  "text_paper_type_infrequent_sklearn": 0.0007163201951328163,
  "text_paper_type_BIRCH_W40_TB": 0.0007118080247631521,
  "cover_paper_type_100_GLOSSTEXT": 0.0006942913546167197,
  "text_paper_type_FSC_MC_DOM_VJT_1.29_90": 0.00066088558274488,
  "cover_size_L": 0.0006148613155717301,
  "head_and_tail_MISSING": 0.0006010741278151796,
  "binding_type_SS-NC": 0.000593570922357528,
  "cover_paper_type_MISSING": 0.0005583825624776188,
  "text_paper_type_PAP1_75": 0.0005413916847215285,
  "cover_color_MISSING": 0.0005364944014779825,
  "text_paper_type_80_GLOSSTEXT": 0.0005333579941659564,
  "cover_size_NONE": 0.00042310426129164695,
  "cover_size_XXL": 0.00039089678870130143,
  "text_paper_type_SFI_CVG_66": 0.000363018046803399,
  "cover_paper_type_12PT_C2S": 0.00034042104738598266,
  "priority_level_HIGH3": 0.000333918106575984,
  "priority_level_NORMAL": 0.00029308448926956506,
  "binding_type_CARD": 0.00027574272104584477,
  "cover_color_4/1": 0.00021300567585906294,
  "binding_type_CASEBIND-ES": 0.0001448785141498389
}