{
  "DEFAULT": {
    "min": 0.9736000000000001,
    "max": 44.49849599999994,
    "default": 7.15
  },
  "CASEBIND": {
    "min": 2.5920000000000005,
    "max": 33.51,
    "default": 5.69
  },
  "PERFECT": {
    "min": 0.8,
    "max": 27.375,
    "default": 7.25845
  },
  "COILHARD": {
    "min": 5.136,
    "max": 43.224,
    "default": 13.62
  },
  "SADDLESTITCH": {
    "min": 0.5,
    "max": 7.11,
    "default": 1.628
  },
  "COILHARD-TAB": {
    "min": 6.48,
    "max": 27.5349,
    "default": 16.77
  },
  "COILSOFT": {
    "min": 3.8246976000000004,
    "max": 24.925188,
    "default": 9.21
  },
  "LOOSELEAF-NC": {
    "min": 0.5,
    "max": 48.255,
    "default": 14.78
  },
  "CASEBIND-ES": {
    "min": 5.123056000000001,
    "max": 42.89754,
    "default": 16.8902
  },
  "LOOSELEAF": {
    "min": 2.8640000000000003,
    "max": 28.353528,
    "default": 10.499
  },
  "SS": {
    "min": 0.6000000000000001,
    "max": 9.080027999999993,
    "default": 1.7997
  },
  "SS-NC": {
    "min": 0.5,
    "max": 4.2731520000000005,
    "default": 0.95
  },
  "DIVIDER-SHEET": {
    "min": 0.5,
    "max": 11.25,
    "default": 1.25
  },
  "PERFECT-INS": {
    "min": 0.9736000000000001,
    "max": 44.49849599999994,
    "default": 7.15
  },
  "CARD": {
    "min": 0.5,
    "max": 4.385399999999999,
    "default": 1.57
  },
  "CASEBIND-ES-INS": {
    "min": 0.9736000000000001,
    "max": 44.49849599999994,
    "default": 7.15
  },
  "PERFECT-NC": {
    "min": 25.736000000000004,
    "max": 48.255,
    "default": 32.17
  },
  "COILSOFT-INS": {
    "min": 0.9736000000000001,
    "max": 44.49849599999994,
    "default": 7.15
  }
}