{
  "text_paper_type_FSC_MC_CVG_SILKHO_1.061": 0.19737665355205536,
  "text_paper_type_SFI_CVG_66": 0.18357639014720917,
  "width": 0.09138456732034683,
  "text_paper_type_FSC_MC_CVG_SILKHO_1.0_70": 0.07228169590234756,
  "text_paper_type_FSC_MC_CVG_SILKHO_1.061_CB": 0.054067812860012054,
  "binding_type_PERFECT": 0.050561968237161636,
  "height": 0.03089861012995243,
  "production_page": 0.02774626947939396,
  "binding_type_SS": 0.021767137572169304,
  "text_paper_type_FSC_MC_DOM_VJT_1.21_75": 0.020744815468788147,
  "binding_type_PERFECT-NC": 0.014228994958102703,
  "siren_EPAC": 0.013687723316252232,
  "shrinkwrap": 0.013355047442018986,
  "cover_paper_type_MISSING": 0.011085383594036102,
  "thickness": 0.010780825279653072,
  "quantity": 0.010040284134447575,
  "cover_color_MISSING": 0.008978246711194515,
  "cover_finish_type_MISSING": 0.008710802532732487,
  "binding_type_CASEBIND": 0.007824140600860119,
  "siren_CENGAGE": 0.00766129232943058,
  "binding_type_DIVIDER-SHEET": 0.007196023594588041,
  "cover_paper_type_12PT_C1S": 0.007071402855217457,
  "text_paper_type_FSC_MC_DOM_VJT_1.29_90": 0.007039119489490986,
  "cover_paper_type_10PT_C1S": 0.006661714054644108,
  "text_color_4/4": 0.005904090590775013,
  "cover_size_NONE": 0.005588497035205364,
  "text_paper_type_12PT_C2S": 0.004898810293525457,
  "siren_SAV": 0.004786401987075806,
  "text_paper_type_PAP1_75": 0.00464932294562459,
  "cover_size_L": 0.004619439598172903,
  "binding_type_COILHARD-TAB": 0.004337919410318136,
  "head_and_tail_BLACK/WHITE": 0.004282329231500626,
  "cover_size_SDL": 0.004166280385106802,
  "cover_size_M": 0.004014877136796713,
  "cover_finish_type_LAYFLAT-GLOSS": 0.0038775703869760036,
  "cover_paper_type_16PT_C1S": 0.0038750404492020607,
  "text_paper_type_BIRCH_W40_TB": 0.0036411797627806664,
  "priority_level_NORMAL": 0.0036279342602938414,
  "cover_color_4/0": 0.0036117176059633493,
  "head_and_tail_WHITE/WHITE": 0.0032109771855175495,
  "cover_size_XXL": 0.003094437764957547,
  "head_and_tail_MISSING": 0.002900907536968589,
  "cover_color_4/1": 0.002743261167779565,
  "cover_color_4/4": 0.0025806145276874304,
  "text_paper_type_80_GLOSS_TEXT": 0.00242768507450819,
  "binding_type_COILHARD": 0.0024201918859034777,
  "text_color_1/1": 0.00239629321731627,
  "binding_type_LOOSELEAF-NC": 0.0023835154715925455,
  "text_paper_type_80_GLOSSTEXT": 0.0021318423096090555,
  "text_paper_type_infrequent_sklearn": 0.0020336315501481295
}